,features,variance
30,mds_log_max_events,0.0
38,mds_bal_split_bits,0.0
45,mds_bal_max,0.0
46,mds_bal_max_until,0.0
47,mds_bal_mode,0.0
55,mds_shutdown_check,0.0
56,mds_thrash_exports,0.0
57,mds_thrash_fragments,0.0
58,mds_kill_mdstable_at,0.0
59,mds_kill_export_at,0.0
60,mds_kill_import_at,0.0
61,mds_kill_link_at,0.0
62,mds_kill_rename_at,0.0
63,mds_skip_ino,0.0
66,bluestore_deferred_batch_ops,0.0
71,bluestore_prefer_deferred_size,0.0
73,bluestore_prefer_deferred_size_ssd,0.0
82,client_readahead_max_bytes,0.0
86,ms_async_op_threads,0.0
90,osd_pool_default_cache_min_evict_age,0.0
91,osd_pool_default_cache_min_flush_age,0.0
99,osd_tier_default_cache_hit_set_search_last_n,0.0
100,osd_tier_default_cache_min_read_recency_for_promote,0.0
101,osd_tier_default_cache_min_write_recency_for_promote,0.0
104,rbd_cache_max_dirty_object,0.0
